R2,MSE,RMSE,MAE,MAPE
0.9239910244941711,9.979034423828125,3.158960972191351,1.7734185457229614,267.1193599700928
