R2,MSE,RMSE,MAE,MAPE
0.27245956659317017,95.51705169677734,9.77328254460994,5.876021862030029,378.35726737976074
