R2,MSE,RMSE,MAE,MAPE
0.81980299949646,23.657630920410156,4.863911072420029,2.583902359008789,206.05967044830322
