R2,MSE,RMSE,MAE,MAPE
0.3892744779586792,82.07382202148438,9.059460360390368,5.153337478637695,187.90051937103271
