R2,MSE,RMSE,MAE,MAPE
0.43377774953842163,76.09313201904297,8.723137739313932,4.980043411254883,212.37895488739014
