R2,MSE,RMSE,MAE,MAPE
0.07779550552368164,123.93267059326172,11.132505135559638,7.619863510131836,519.5708274841309
