R2,MSE,RMSE,MAE,MAPE
0.9286360740661621,9.59041690826416,3.0968398260588423,1.777186632156372,70.59975862503052
