R2,MSE,RMSE,MAE,MAPE
0.2690082788467407,98.236083984375,9.91141180581127,6.213284492492676,333.54341983795166
