R2,MSE,RMSE,MAE,MAPE
0.8176628947257996,24.503808975219727,4.950132217953348,2.678147554397583,77.67530679702759
