R2,MSE,RMSE,MAE,MAPE
0.40620386600494385,79.79872131347656,8.933013003095683,5.128655910491943,200.1617670059204
