R2,MSE,RMSE,MAE,MAPE
0.30479300022125244,91.2720718383789,9.553641810240684,5.496033191680908,227.38945484161377
