R2,MSE,RMSE,MAE,MAPE
0.30898940563201904,90.72113800048828,9.524764459055577,5.461738586425781,248.21655750274658
