R2,MSE,RMSE,MAE,MAPE
0.32618916034698486,88.46302032470703,9.405478208188407,5.300584316253662,218.79613399505615
