R2,MSE,RMSE,MAE,MAPE
0.13284200429916382,113.84710693359375,10.669915975938787,6.662637710571289,833.4822654724121
