R2,MSE,RMSE,MAE,MAPE
0.3931836485862732,81.54846954345703,9.030419123355074,5.319725036621094,236.8718147277832
